Seq_number,Barcode,New_name,Location,Year,ext_rep,tech_rep,Sample_Control,Control_Type
Seb.Rep.1.long.S.TACZ.S44,Sebastes,Sebastes_S_TACZ_1_1,S_TACZ,NA,1,1,Control,Pos
Seb.Rep.2.a.S.TACZ.S138,Sebastes,Sebastes_S_TACZ_1_2,S_TACZ,NA,1,2,Control,Pos
Seb.Rep.3.a.S.TACZ.S232,Sebastes,Sebastes_S_TACZ_1_3,S_TACZ,NA,1,3,Control,Pos
Seb.Rep.1.long.b.S.irac.S93,Sebastes,Sebastes_S_irac_1_1,S_irac,NA,1,1,Control,Pos
Seb.Rep.2.b.S.irac.S187,Sebastes,Sebastes_S_irac_1_2,S_irac,NA,1,2,Control,Pos
Seb.Rep.3.b.S.irac.S282,Sebastes,Sebastes_S_irac_1_3,S_irac,NA,1,3,Control,Pos
Miu.1.a.48.S48,MiFish,MiFish_PCR_negative_1_1,PCR_negative,NA,1,1,Control,Pos
Miu.1.b.52.S100,MiFish,MiFish_PCR_Negative_1_1,PCR_Negative,NA,1,1,Control,Neg
Miu.2.a.48.S148,MiFish,MiFish_PCR_negative_1_2,PCR_negative,NA,1,2,Control,Pos
Miu.2.b.52.S200,MiFish,MiFish_PCR_Negative_1_2,PCR_Negative,NA,1,2,Control,Neg
Miu.3.a.48.S248,MiFish,MiFish_PCR_negative_1_3,PCR_negative,NA,1,3,Control,Pos
Miu.3.b.52.S300,MiFish,MiFish_PCR_Negative_1_3,PCR_Negative,NA,1,3,Control,Neg
Seb.Rep.3.b.PCR.neg.S283,Sebastes,Sebastes_PCR_Negative_1_1,PCR_Negative,NA,1,1,Control,Neg
Miu.1.b.50.S98,MiFish,MiFish_Exp_2__1_1,Exp_2_,NA,1,1,Control,NA
Miu.2.b.50.S198,MiFish,MiFish_Exp_2__1_2,Exp_2_,NA,1,2,Control,NA
Miu.3.b.50.S298,MiFish,MiFish_Exp_2__1_3,Exp_2_,NA,1,3,Control,NA
Seb.Rep.3.b.Blank.2.S281,Sebastes,Sebastes_Exp_2__1_1,Exp_2_,NA,1,1,Control,NA
Miu.1.b.51.S99,MiFish,MiFish_Camel_1_1,Camel,NA,1,1,Control,Pos
Miu.2.b.51.S199,MiFish,MiFish_Camel_1_2,Camel,NA,1,2,Control,Pos
Miu.3.b.51.S299,MiFish,MiFish_Camel_1_3,Camel,NA,1,3,Control,Pos
Miu.1.b.49.S97,MiFish,MiFish_Blank_1__1_1,Blank_1_,NA,1,1,Control,Neg
Miu.2.b.49.S197,MiFish,MiFish_Blank_1__1_2,Blank_1_,NA,1,2,Control,Neg
Miu.3.b.49.S297,MiFish,MiFish_Blank_1__1_3,Blank_1_,NA,1,3,Control,Neg
Seb.Rep.2.b.Blank.1.S185,Sebastes,Sebastes_Blank_1__1_1,Blank_1_,NA,1,1,Control,Neg
Miu.1.a.47.S47,MiFish,MiFish_Alligator_1_1,Alligator,NA,1,1,Control,Pos
Miu.2.a.47.S147,MiFish,MiFish_Alligator_1_2,Alligator,NA,1,2,Control,Pos
Miu.3.a.47.S247,MiFish,MiFish_Alligator_1_3,Alligator,NA,1,3,Control,Pos
Miu.1.b.44.S92,MiFish,MiFish_2019_4_80_60_1_1,2019_4_80_60,2019,1,1,Sample,NA
Miu.1.b.45.S93,MiFish,MiFish_2019_4_80_60_2_1,2019_4_80_60,2019,2,1,Sample,NA
Miu.1.b.46.S94,MiFish,MiFish_2019_4_86.7_50_1_1,2019_4_86.7_50,2019,1,1,Sample,NA
Miu.1.b.47.S95,MiFish,MiFish_2019_4_93.3_30_1_1,2019_4_93.3_30,2019,1,1,Sample,NA
Miu.1.b.48.S96,MiFish,MiFish_2019_4_93.3_60_1_1,2019_4_93.3_60,2019,1,1,Sample,NA
Miu.2.b.44.S192,MiFish,MiFish_2019_4_80_60_1_2,2019_4_80_60,2019,1,2,Sample,NA
Miu.2.b.45.S193,MiFish,MiFish_2019_4_80_60_2_2,2019_4_80_60,2019,2,2,Sample,NA
Miu.2.b.46.S194,MiFish,MiFish_2019_4_86.7_50_1_2,2019_4_86.7_50,2019,1,2,Sample,NA
Miu.2.b.47.S195,MiFish,MiFish_2019_4_93.3_30_1_2,2019_4_93.3_30,2019,1,2,Sample,NA
Miu.2.b.48.S196,MiFish,MiFish_2019_4_93.3_60_1_2,2019_4_93.3_60,2019,1,2,Sample,NA
Miu.3.b.44.S292,MiFish,MiFish_2019_4_80_60_1_3,2019_4_80_60,2019,1,3,Sample,NA
Miu.3.b.45.S293,MiFish,MiFish_2019_4_80_60_2_3,2019_4_80_60,2019,2,3,Sample,NA
Miu.3.b.46.S294,MiFish,MiFish_2019_4_86.7_50_1_3,2019_4_86.7_50,2019,1,3,Sample,NA
Miu.3.b.47.S295,MiFish,MiFish_2019_4_93.3_30_1_3,2019_4_93.3_30,2019,1,3,Sample,NA
Miu.3.b.48.S296,MiFish,MiFish_2019_4_93.3_60_1_3,2019_4_93.3_60,2019,1,3,Sample,NA
Seb.Rep.1.long.b.44.S86,Sebastes,Sebastes_2019_4_80_60_1_1,2019_4_80_60,2019,1,1,Sample,NA
Seb.Rep.2.b.44.S180,Sebastes,Sebastes_2019_4_80_60_1_2,2019_4_80_60,2019,1,2,Sample,NA
Seb.Rep.3.b.44.S275,Sebastes,Sebastes_2019_4_80_60_1_3,2019_4_80_60,2019,1,3,Sample,NA
Seb.Rep.1.long.b.45.S87,Sebastes,Sebastes_2019_4_80_60_2_1,2019_4_80_60,2019,2,1,Sample,NA
Seb.Rep.2.b.45.S181,Sebastes,Sebastes_2019_4_80_60_2_2,2019_4_80_60,2019,2,2,Sample,NA
Seb.Rep.3.b.45.S276,Sebastes,Sebastes_2019_4_80_60_2_3,2019_4_80_60,2019,2,3,Sample,NA
Seb.Rep.1.long.b.46.S88,Sebastes,Sebastes_2019_4_86.7_50_1_1,2019_4_86.7_50,2019,1,1,Sample,NA
Seb.Rep.2.b.46.S182,Sebastes,Sebastes_2019_4_86.7_50_1_2,2019_4_86.7_50,2019,1,2,Sample,NA
Seb.Rep.3.b.46.S277,Sebastes,Sebastes_2019_4_86.7_50_1_3,2019_4_86.7_50,2019,1,3,Sample,NA
Seb.Rep.1.long.b.47.S89,Sebastes,Sebastes_2019_4_93.3_30_1_1,2019_4_93.3_30,2019,1,1,Sample,NA
Seb.Rep.2.b.47.S183,Sebastes,Sebastes_2019_4_93.3_30_1_2,2019_4_93.3_30,2019,1,2,Sample,NA
Seb.Rep.3.b.47.S278,Sebastes,Sebastes_2019_4_93.3_30_1_3,2019_4_93.3_30,2019,1,3,Sample,NA
Seb.Rep.1.long.b.48.S90,Sebastes,Sebastes_2019_4_93.3_60_1_1,2019_4_93.3_60,2019,1,1,Sample,NA
Seb.Rep.2.b.48.S184,Sebastes,Sebastes_2019_4_93.3_60_1_2,2019_4_93.3_60,2019,1,2,Sample,NA
Seb.Rep.3.b.48.S279,Sebastes,Sebastes_2019_4_93.3_60_1_3,2019_4_93.3_60,2019,1,3,Sample,NA
Miu.1.b.39.S87,MiFish,MiFish_2018_4_80_60_1_1,2018_4_80_60,2018,1,1,Sample,NA
Miu.1.b.40.S88,MiFish,MiFish_2018_4_86.7_50_1_1,2018_4_86.7_50,2018,1,1,Sample,NA
Miu.1.b.41.S89,MiFish,MiFish_2018_4_86.7_50_2_1,2018_4_86.7_50,2018,2,1,Sample,NA
Miu.1.b.42.S90,MiFish,MiFish_2018_4_93.3_30_1_1,2018_4_93.3_30,2018,1,1,Sample,NA
Miu.1.b.43.S91,MiFish,MiFish_2018_4_93.3_60_1_1,2018_4_93.3_60,2018,1,1,Sample,NA
Miu.2.b.39.S187,MiFish,MiFish_2018_4_80_60_1_2,2018_4_80_60,2018,1,2,Sample,NA
Miu.2.b.40.S188,MiFish,MiFish_2018_4_86.7_50_1_2,2018_4_86.7_50,2018,1,2,Sample,NA
Miu.2.b.41.S189,MiFish,MiFish_2018_4_86.7_50_2_2,2018_4_86.7_50,2018,2,2,Sample,NA
Miu.2.b.42.S190,MiFish,MiFish_2018_4_93.3_30_1_2,2018_4_93.3_30,2018,1,2,Sample,NA
Miu.2.b.43.S191,MiFish,MiFish_2018_4_93.3_60_1_2,2018_4_93.3_60,2018,1,2,Sample,NA
Miu.3.b.39.S287,MiFish,MiFish_2018_4_80_60_1_3,2018_4_80_60,2018,1,3,Sample,NA
Miu.3.b.40.S288,MiFish,MiFish_2018_4_86.7_50_1_3,2018_4_86.7_50,2018,1,3,Sample,NA
Miu.3.b.41.S289,MiFish,MiFish_2018_4_86.7_50_2_3,2018_4_86.7_50,2018,2,3,Sample,NA
Miu.3.b.42.S290,MiFish,MiFish_2018_4_93.3_30_1_3,2018_4_93.3_30,2018,1,3,Sample,NA
Miu.3.b.43.S291,MiFish,MiFish_2018_4_93.3_60_1_3,2018_4_93.3_60,2018,1,3,Sample,NA
Seb.Rep.1.long.b.39.S82,Sebastes,Sebastes_2018_4_80_60_1_1,2018_4_80_60,2018,1,1,Sample,NA
Seb.Rep.2.b.39.S176,Sebastes,Sebastes_2018_4_80_60_1_2,2018_4_80_60,2018,1,2,Sample,NA
Seb.Rep.3.b.39.S271,Sebastes,Sebastes_2018_4_80_60_1_3,2018_4_80_60,2018,1,3,Sample,NA
Seb.Rep.1.long.b.40.S83,Sebastes,Sebastes_2018_4_86.7_50_1_1,2018_4_86.7_50,2018,1,1,Sample,NA
Seb.Rep.3.b.40.S272,Sebastes,Sebastes_2018_4_86.7_50_1_3,2018_4_86.7_50,2018,1,3,Sample,NA
Seb.Rep.1.long.b.41.S84,Sebastes,Sebastes_2018_4_86.7_50_2_1,2018_4_86.7_50,2018,2,1,Sample,NA
Seb.Rep.2.b.41.S177,Sebastes,Sebastes_2018_4_86.7_50_2_2,2018_4_86.7_50,2018,2,2,Sample,NA
Seb.Rep.3.b.41.S273,Sebastes,Sebastes_2018_4_86.7_50_2_3,2018_4_86.7_50,2018,2,3,Sample,NA
Seb.Rep.1.long.b.42.S85,Sebastes,Sebastes_2018_4_93.3_30_1_1,2018_4_93.3_30,2018,1,1,Sample,NA
Seb.Rep.2.b.42.S178,Sebastes,Sebastes_2018_4_93.3_30_1_2,2018_4_93.3_30,2018,1,2,Sample,NA
Seb.Rep.3.b.42.S274,Sebastes,Sebastes_2018_4_93.3_30_1_3,2018_4_93.3_30,2018,1,3,Sample,NA
Seb.Rep.2.b.43.S179,Sebastes,Sebastes_2018_4_93.3_60_1_2,2018_4_93.3_60,2018,1,2,Sample,NA
Miu.1.b.36.S84,MiFish,MiFish_2017_4_80_60_1_1,2017_4_80_60,2017,1,1,Sample,NA
Miu.1.b.37.S85,MiFish,MiFish_2017_4_86.7_50_1_1,2017_4_86.7_50,2017,1,1,Sample,NA
Miu.1.b.38.S86,MiFish,MiFish_2017_3_93.3_60_1_1,2017_3_93.3_60,2017,1,1,Sample,NA
Miu.2.b.36.S184,MiFish,MiFish_2017_4_80_60_1_2,2017_4_80_60,2017,1,2,Sample,NA
Miu.2.b.37.S185,MiFish,MiFish_2017_4_86.7_50_1_2,2017_4_86.7_50,2017,1,2,Sample,NA
Miu.2.b.38.S186,MiFish,MiFish_2017_3_93.3_60_1_2,2017_3_93.3_60,2017,1,2,Sample,NA
Miu.3.b.36.S284,MiFish,MiFish_2017_4_80_60_1_3,2017_4_80_60,2017,1,3,Sample,NA
Miu.3.b.37.S285,MiFish,MiFish_2017_4_86.7_50_1_3,2017_4_86.7_50,2017,1,3,Sample,NA
Miu.3.b.38.S286,MiFish,MiFish_2017_3_93.3_60_1_3,2017_3_93.3_60,2017,1,3,Sample,NA
Seb.Rep.1.long.b.38.S81,Sebastes,Sebastes_2017_3_93.3_60_1_1,2017_3_93.3_60,2017,1,1,Sample,NA
Seb.Rep.2.b.38.S175,Sebastes,Sebastes_2017_3_93.3_60_1_2,2017_3_93.3_60,2017,1,2,Sample,NA
Seb.Rep.3.b.38.S270,Sebastes,Sebastes_2017_3_93.3_60_1_3,2017_3_93.3_60,2017,1,3,Sample,NA
Seb.Rep.1.long.b.36.S79,Sebastes,Sebastes_2017_4_80_60_1_1,2017_4_80_60,2017,1,1,Sample,NA
Seb.Rep.2.b.36.S173,Sebastes,Sebastes_2017_4_80_60_1_2,2017_4_80_60,2017,1,2,Sample,NA
Seb.Rep.3.b.36.S268,Sebastes,Sebastes_2017_4_80_60_1_3,2017_4_80_60,2017,1,3,Sample,NA
Seb.Rep.1.long.b.37.S80,Sebastes,Sebastes_2017_4_86.7_50_1_1,2017_4_86.7_50,2017,1,1,Sample,NA
Seb.Rep.2.b.37.S174,Sebastes,Sebastes_2017_4_86.7_50_1_2,2017_4_86.7_50,2017,1,2,Sample,NA
Seb.Rep.3.b.37.S269,Sebastes,Sebastes_2017_4_86.7_50_1_3,2017_4_86.7_50,2017,1,3,Sample,NA
Miu.1.b.32.S80,MiFish,MiFish_2016_4_86.7_50_1_1,2016_4_86.7_50,2016,1,1,Sample,NA
Miu.1.b.33.S81,MiFish,MiFish_2016_4_86.7_50_2_1,2016_4_86.7_50,2016,2,1,Sample,NA
Miu.1.b.34.S82,MiFish,MiFish_2016_4_93.3_30_1_1,2016_4_93.3_30,2016,1,1,Sample,NA
Miu.1.b.35.S83,MiFish,MiFish_2016_4_93.3_60_1_1,2016_4_93.3_60,2016,1,1,Sample,NA
Miu.2.b.32.S180,MiFish,MiFish_2016_4_86.7_50_1_2,2016_4_86.7_50,2016,1,2,Sample,NA
Miu.2.b.33.S181,MiFish,MiFish_2016_4_86.7_50_2_2,2016_4_86.7_50,2016,2,2,Sample,NA
Miu.2.b.34.S182,MiFish,MiFish_2016_4_93.3_30_1_2,2016_4_93.3_30,2016,1,2,Sample,NA
Miu.2.b.35.S183,MiFish,MiFish_2016_4_93.3_60_1_2,2016_4_93.3_60,2016,1,2,Sample,NA
Miu.3.b.32.S280,MiFish,MiFish_2016_4_86.7_50_1_3,2016_4_86.7_50,2016,1,3,Sample,NA
Miu.3.b.33.S281,MiFish,MiFish_2016_4_86.7_50_2_3,2016_4_86.7_50,2016,2,3,Sample,NA
Miu.3.b.34.S282,MiFish,MiFish_2016_4_93.3_30_1_3,2016_4_93.3_30,2016,1,3,Sample,NA
Miu.3.b.35.S283,MiFish,MiFish_2016_4_93.3_60_1_3,2016_4_93.3_60,2016,1,3,Sample,NA
Seb.Rep.1.long.b.32.S75,Sebastes,Sebastes_2016_4_86.7_50_1_1,2016_4_86.7_50,2016,1,1,Sample,NA
Seb.Rep.2.b.32.S169,Sebastes,Sebastes_2016_4_86.7_50_1_2,2016_4_86.7_50,2016,1,2,Sample,NA
Seb.Rep.3.b.32.S264,Sebastes,Sebastes_2016_4_86.7_50_1_3,2016_4_86.7_50,2016,1,3,Sample,NA
Seb.Rep.1.long.b.33.S76,Sebastes,Sebastes_2016_4_86.7_50_2_1,2016_4_86.7_50,2016,2,1,Sample,NA
Seb.Rep.2.b.33.S170,Sebastes,Sebastes_2016_4_86.7_50_2_2,2016_4_86.7_50,2016,2,2,Sample,NA
Seb.Rep.3.b.33.S265,Sebastes,Sebastes_2016_4_86.7_50_2_3,2016_4_86.7_50,2016,2,3,Sample,NA
Seb.Rep.1.long.b.34.S77,Sebastes,Sebastes_2016_4_93.3_30_1_1,2016_4_93.3_30,2016,1,1,Sample,NA
Seb.Rep.2.b.34.S171,Sebastes,Sebastes_2016_4_93.3_30_1_2,2016_4_93.3_30,2016,1,2,Sample,NA
Seb.Rep.3.b.34.S266,Sebastes,Sebastes_2016_4_93.3_30_1_3,2016_4_93.3_30,2016,1,3,Sample,NA
Seb.Rep.1.long.b.35.S78,Sebastes,Sebastes_2016_4_93.3_60_1_1,2016_4_93.3_60,2016,1,1,Sample,NA
Seb.Rep.2.b.35.S172,Sebastes,Sebastes_2016_4_93.3_60_1_2,2016_4_93.3_60,2016,1,2,Sample,NA
Seb.Rep.3.b.35.S267,Sebastes,Sebastes_2016_4_93.3_60_1_3,2016_4_93.3_60,2016,1,3,Sample,NA
Miu.1.b.28.S76,MiFish,MiFish_2015_4_80_60_1_1,2015_4_80_60,2015,1,1,Sample,NA
Miu.1.b.29.S77,MiFish,MiFish_2015_4_86.7_50_1_1,2015_4_86.7_50,2015,1,1,Sample,NA
Miu.1.b.30.S78,MiFish,MiFish_2015_4_93.3_30_1_1,2015_4_93.3_30,2015,1,1,Sample,NA
Miu.1.b.31.S79,MiFish,MiFish_2015_4_93.3_60_1_1,2015_4_93.3_60,2015,1,1,Sample,NA
Miu.2.b.28.S176,MiFish,MiFish_2015_4_80_60_1_2,2015_4_80_60,2015,1,2,Sample,NA
Miu.2.b.29.S177,MiFish,MiFish_2015_4_86.7_50_1_2,2015_4_86.7_50,2015,1,2,Sample,NA
Miu.2.b.30.S178,MiFish,MiFish_2015_4_93.3_30_1_2,2015_4_93.3_30,2015,1,2,Sample,NA
Miu.2.b.31.S179,MiFish,MiFish_2015_4_93.3_60_1_2,2015_4_93.3_60,2015,1,2,Sample,NA
Miu.3.b.28.S276,MiFish,MiFish_2015_4_80_60_1_3,2015_4_80_60,2015,1,3,Sample,NA
Miu.3.b.29.S277,MiFish,MiFish_2015_4_86.7_50_1_3,2015_4_86.7_50,2015,1,3,Sample,NA
Miu.3.b.30.S278,MiFish,MiFish_2015_4_93.3_30_1_3,2015_4_93.3_30,2015,1,3,Sample,NA
Miu.3.b.31.S279,MiFish,MiFish_2015_4_93.3_60_1_3,2015_4_93.3_60,2015,1,3,Sample,NA
Seb.Rep.1.long.b.28.S72,Sebastes,Sebastes_2015_4_80_60_1_1,2015_4_80_60,2015,1,1,Sample,NA
Seb.Rep.2.b.28.S166,Sebastes,Sebastes_2015_4_80_60_1_2,2015_4_80_60,2015,1,2,Sample,NA
Seb.Rep.3.b.28.S261,Sebastes,Sebastes_2015_4_80_60_1_3,2015_4_80_60,2015,1,3,Sample,NA
Seb.Rep.1.long.b.29.S73,Sebastes,Sebastes_2015_4_86.7_50_1_1,2015_4_86.7_50,2015,1,1,Sample,NA
Seb.Rep.2.b.29.S167,Sebastes,Sebastes_2015_4_86.7_50_1_2,2015_4_86.7_50,2015,1,2,Sample,NA
Seb.Rep.3.b.29.S262,Sebastes,Sebastes_2015_4_86.7_50_1_3,2015_4_86.7_50,2015,1,3,Sample,NA
Seb.Rep.1.long.b.30.S74,Sebastes,Sebastes_2015_4_93.3_30_1_1,2015_4_93.3_30,2015,1,1,Sample,NA
Seb.Rep.2.b.30.S168,Sebastes,Sebastes_2015_4_93.3_30_1_2,2015_4_93.3_30,2015,1,2,Sample,NA
Seb.Rep.3.b.30.S263,Sebastes,Sebastes_2015_4_93.3_30_1_3,2015_4_93.3_30,2015,1,3,Sample,NA
Miu.1.b.24.S72,MiFish,MiFish_2014_4_80_60_1_1,2014_4_80_60,2014,1,1,Sample,NA
Miu.1.b.25.S73,MiFish,MiFish_2014_4_80_60_2_1,2014_4_80_60,2014,2,1,Sample,NA
Miu.1.b.26.S74,MiFish,MiFish_2014_4_93.3_30_1_1,2014_4_93.3_30,2014,1,1,Sample,NA
Miu.1.b.27.S75,MiFish,MiFish_2014_4_93.3_60_1_1,2014_4_93.3_60,2014,1,1,Sample,NA
Miu.2.b.24.S172,MiFish,MiFish_2014_4_80_60_1_2,2014_4_80_60,2014,1,2,Sample,NA
Miu.2.b.25.S173,MiFish,MiFish_2014_4_80_60_2_2,2014_4_80_60,2014,2,2,Sample,NA
Miu.2.b.26.S174,MiFish,MiFish_2014_4_93.3_30_1_2,2014_4_93.3_30,2014,1,2,Sample,NA
Miu.2.b.27.S175,MiFish,MiFish_2014_4_93.3_60_1_2,2014_4_93.3_60,2014,1,2,Sample,NA
Miu.3.b.24.S272,MiFish,MiFish_2014_4_80_60_1_3,2014_4_80_60,2014,1,3,Sample,NA
Miu.3.b.25.S273,MiFish,MiFish_2014_4_80_60_2_3,2014_4_80_60,2014,2,3,Sample,NA
Miu.3.b.26.S274,MiFish,MiFish_2014_4_93.3_30_1_3,2014_4_93.3_30,2014,1,3,Sample,NA
Miu.3.b.27.S275,MiFish,MiFish_2014_4_93.3_60_1_3,2014_4_93.3_60,2014,1,3,Sample,NA
Seb.Rep.1.long.b.24.S69,Sebastes,Sebastes_2014_4_80_60_1_1,2014_4_80_60,2014,1,1,Sample,NA
Seb.Rep.2.b.24.S163,Sebastes,Sebastes_2014_4_80_60_1_2,2014_4_80_60,2014,1,2,Sample,NA
Seb.Rep.3.b.24.S257,Sebastes,Sebastes_2014_4_80_60_1_3,2014_4_80_60,2014,1,3,Sample,NA
Seb.Rep.1.long.b.25.S70,Sebastes,Sebastes_2014_4_80_60_2_1,2014_4_80_60,2014,2,1,Sample,NA
Seb.Rep.2.b.25.S164,Sebastes,Sebastes_2014_4_80_60_2_2,2014_4_80_60,2014,2,2,Sample,NA
Seb.Rep.3.b.25.S258,Sebastes,Sebastes_2014_4_80_60_2_3,2014_4_80_60,2014,2,3,Sample,NA
Seb.Rep.1.long.b.26.S71,Sebastes,Sebastes_2014_4_93.3_30_1_1,2014_4_93.3_30,2014,1,1,Sample,NA
Seb.Rep.2.b.26.S165,Sebastes,Sebastes_2014_4_93.3_30_1_2,2014_4_93.3_30,2014,1,2,Sample,NA
Seb.Rep.3.b.26.S259,Sebastes,Sebastes_2014_4_93.3_30_1_3,2014_4_93.3_30,2014,1,3,Sample,NA
Seb.Rep.3.b.27.S260,Sebastes,Sebastes_2014_4_93.3_60_1_1,2014_4_93.3_60,2014,1,1,Sample,NA
Miu.1.b.20.S68,MiFish,MiFish_2013_4_80_60_1_1,2013_4_80_60,2013,1,1,Sample,NA
Miu.1.b.21.S69,MiFish,MiFish_2013_4_86.7_50_1_1,2013_4_86.7_50,2013,1,1,Sample,NA
Miu.1.b.22.S70,MiFish,MiFish_2013_4_93.3_30_1_1,2013_4_93.3_30,2013,1,1,Sample,NA
Miu.1.b.23.S71,MiFish,MiFish_2013_4_93.3_60_1_1,2013_4_93.3_60,2013,1,1,Sample,NA
Miu.2.b.20.S168,MiFish,MiFish_2013_4_80_60_1_2,2013_4_80_60,2013,1,2,Sample,NA
Miu.2.b.21.S169,MiFish,MiFish_2013_4_86.7_50_1_2,2013_4_86.7_50,2013,1,2,Sample,NA
Miu.2.b.22.S170,MiFish,MiFish_2013_4_93.3_30_1_2,2013_4_93.3_30,2013,1,2,Sample,NA
Miu.2.b.23.S171,MiFish,MiFish_2013_4_93.3_60_1_2,2013_4_93.3_60,2013,1,2,Sample,NA
Miu.3.b.20.S268,MiFish,MiFish_2013_4_80_60_1_3,2013_4_80_60,2013,1,3,Sample,NA
Miu.3.b.21.S269,MiFish,MiFish_2013_4_86.7_50_1_3,2013_4_86.7_50,2013,1,3,Sample,NA
Miu.3.b.22.S270,MiFish,MiFish_2013_4_93.3_30_1_3,2013_4_93.3_30,2013,1,3,Sample,NA
Miu.3.b.23.S271,MiFish,MiFish_2013_4_93.3_60_1_3,2013_4_93.3_60,2013,1,3,Sample,NA
Seb.Rep.1.long.b.20.S65,Sebastes,Sebastes_2013_4_80_60_1_1,2013_4_80_60,2013,1,1,Sample,NA
Seb.Rep.2.b.20.S159,Sebastes,Sebastes_2013_4_80_60_1_2,2013_4_80_60,2013,1,2,Sample,NA
Seb.Rep.3.b.20.S253,Sebastes,Sebastes_2013_4_80_60_1_3,2013_4_80_60,2013,1,3,Sample,NA
Seb.Rep.1.long.b.21.S66,Sebastes,Sebastes_2013_4_86.7_50_1_1,2013_4_86.7_50,2013,1,1,Sample,NA
Seb.Rep.2.b.21.S160,Sebastes,Sebastes_2013_4_86.7_50_1_2,2013_4_86.7_50,2013,1,2,Sample,NA
Seb.Rep.3.b.21.S254,Sebastes,Sebastes_2013_4_86.7_50_1_3,2013_4_86.7_50,2013,1,3,Sample,NA
Seb.Rep.1.long.b.22.S67,Sebastes,Sebastes_2013_4_93.3_30_1_1,2013_4_93.3_30,2013,1,1,Sample,NA
Seb.Rep.2.b.22.S161,Sebastes,Sebastes_2013_4_93.3_30_1_2,2013_4_93.3_30,2013,1,2,Sample,NA
Seb.Rep.1.long.b.23.S68,Sebastes,Sebastes_2013_4_93.3_60_1_1,2013_4_93.3_60,2013,1,1,Sample,NA
Seb.Rep.2.b.23.S162,Sebastes,Sebastes_2013_4_93.3_60_1_2,2013_4_93.3_60,2013,1,2,Sample,NA
Seb.Rep.3.b.23.S256,Sebastes,Sebastes_2013_4_93.3_60_1_3,2013_4_93.3_60,2013,1,3,Sample,NA
Miu.1.b.16.S64,MiFish,MiFish_2012_4_80_60_1_1,2012_4_80_60,2012,1,1,Sample,NA
Miu.1.b.17.S65,MiFish,MiFish_2012_3_86.7_50_1_1,2012_3_86.7_50,2012,1,1,Sample,NA
Miu.1.b.18.S66,MiFish,MiFish_2012_3_93.3_30_1_1,2012_3_93.3_30,2012,1,1,Sample,NA
Miu.1.b.19.S67,MiFish,MiFish_2012_3_93.3_60_1_1,2012_3_93.3_60,2012,1,1,Sample,NA
Miu.2.b.16.S164,MiFish,MiFish_2012_4_80_60_1_2,2012_4_80_60,2012,1,2,Sample,NA
Miu.2.b.17.S165,MiFish,MiFish_2012_3_86.7_50_1_2,2012_3_86.7_50,2012,1,2,Sample,NA
Miu.2.b.18.S166,MiFish,MiFish_2012_3_93.3_30_1_2,2012_3_93.3_30,2012,1,2,Sample,NA
Miu.2.b.19.S167,MiFish,MiFish_2012_3_93.3_60_1_2,2012_3_93.3_60,2012,1,2,Sample,NA
Miu.3.b.16.S264,MiFish,MiFish_2012_4_80_60_1_3,2012_4_80_60,2012,1,3,Sample,NA
Miu.3.b.17.S265,MiFish,MiFish_2012_3_86.7_50_1_3,2012_3_86.7_50,2012,1,3,Sample,NA
Miu.3.b.18.S266,MiFish,MiFish_2012_3_93.3_30_1_3,2012_3_93.3_30,2012,1,3,Sample,NA
Miu.3.b.19.S267,MiFish,MiFish_2012_3_93.3_60_1_3,2012_3_93.3_60,2012,1,3,Sample,NA
Seb.Rep.1.long.b.17.S62,Sebastes,Sebastes_2012_3_86.7_50_1_1,2012_3_86.7_50,2012,1,1,Sample,NA
Seb.Rep.2.b.17.S156,Sebastes,Sebastes_2012_3_86.7_50_1_2,2012_3_86.7_50,2012,1,2,Sample,NA
Seb.Rep.3.b.17.S250,Sebastes,Sebastes_2012_3_86.7_50_1_3,2012_3_86.7_50,2012,1,3,Sample,NA
Seb.Rep.1.long.b.18.S63,Sebastes,Sebastes_2012_3_93.3_30_1_1,2012_3_93.3_30,2012,1,1,Sample,NA
Seb.Rep.2.b.18.S157,Sebastes,Sebastes_2012_3_93.3_30_1_2,2012_3_93.3_30,2012,1,2,Sample,NA
Seb.Rep.3.b.18.S251,Sebastes,Sebastes_2012_3_93.3_30_1_3,2012_3_93.3_30,2012,1,3,Sample,NA
Seb.Rep.1.long.b.19.S64,Sebastes,Sebastes_2012_3_93.3_60_1_1,2012_3_93.3_60,2012,1,1,Sample,NA
Seb.Rep.2.b.19.S158,Sebastes,Sebastes_2012_3_93.3_60_1_2,2012_3_93.3_60,2012,1,2,Sample,NA
Seb.Rep.3.b.19.S252,Sebastes,Sebastes_2012_3_93.3_60_1_3,2012_3_93.3_60,2012,1,3,Sample,NA
Seb.Rep.1.long.b.16.S61,Sebastes,Sebastes_2012_4_80_60_1_1,2012_4_80_60,2012,1,1,Sample,NA
Seb.Rep.2.b.16.S155,Sebastes,Sebastes_2012_4_80_60_1_2,2012_4_80_60,2012,1,2,Sample,NA
Seb.Rep.3.b.16.S249,Sebastes,Sebastes_2012_4_80_60_1_3,2012_4_80_60,2012,1,3,Sample,NA
Miu.1.b.12.S60,MiFish,MiFish_2011_4_80_60_1_1,2011_4_80_60,2011,1,1,Sample,NA
Miu.1.b.13.S61,MiFish,MiFish_2011_4_86.7_50_1_1,2011_4_86.7_50,2011,1,1,Sample,NA
Miu.1.b.14.S62,MiFish,MiFish_2011_4_93.3_30_1_1,2011_4_93.3_30,2011,1,1,Sample,NA
Miu.1.b.15.S63,MiFish,MiFish_2011_4_93.3_60_1_1,2011_4_93.3_60,2011,1,1,Sample,NA
Miu.2.b.12.S160,MiFish,MiFish_2011_4_80_60_1_2,2011_4_80_60,2011,1,2,Sample,NA
Miu.2.b.13.S161,MiFish,MiFish_2011_4_86.7_50_1_2,2011_4_86.7_50,2011,1,2,Sample,NA
Miu.2.b.14.S162,MiFish,MiFish_2011_4_93.3_30_1_2,2011_4_93.3_30,2011,1,2,Sample,NA
Miu.2.b.15.S163,MiFish,MiFish_2011_4_93.3_60_1_2,2011_4_93.3_60,2011,1,2,Sample,NA
Miu.3.b.12.S260,MiFish,MiFish_2011_4_80_60_1_3,2011_4_80_60,2011,1,3,Sample,NA
Miu.3.b.13.S261,MiFish,MiFish_2011_4_86.7_50_1_3,2011_4_86.7_50,2011,1,3,Sample,NA
Miu.3.b.14.S262,MiFish,MiFish_2011_4_93.3_30_1_3,2011_4_93.3_30,2011,1,3,Sample,NA
Miu.3.b.15.S263,MiFish,MiFish_2011_4_93.3_60_1_3,2011_4_93.3_60,2011,1,3,Sample,NA
Seb.Rep.1.long.b.12.S57,Sebastes,Sebastes_2011_4_80_60_1_1,2011_4_80_60,2011,1,1,Sample,NA
Seb.Rep.2.b.12.S151,Sebastes,Sebastes_2011_4_80_60_1_2,2011_4_80_60,2011,1,2,Sample,NA
Seb.Rep.3.b.12.S245,Sebastes,Sebastes_2011_4_80_60_1_3,2011_4_80_60,2011,1,3,Sample,NA
Seb.Rep.1.long.b.13.S58,Sebastes,Sebastes_2011_4_86.7_50_1_1,2011_4_86.7_50,2011,1,1,Sample,NA
Seb.Rep.2.b.13.S152,Sebastes,Sebastes_2011_4_86.7_50_1_2,2011_4_86.7_50,2011,1,2,Sample,NA
Seb.Rep.3.b.13.S246,Sebastes,Sebastes_2011_4_86.7_50_1_3,2011_4_86.7_50,2011,1,3,Sample,NA
Seb.Rep.1.long.b.14.S59,Sebastes,Sebastes_2011_4_93.3_30_1_1,2011_4_93.3_30,2011,1,1,Sample,NA
Seb.Rep.2.b.14.S153,Sebastes,Sebastes_2011_4_93.3_30_1_2,2011_4_93.3_30,2011,1,2,Sample,NA
Seb.Rep.3.b.14.S247,Sebastes,Sebastes_2011_4_93.3_30_1_3,2011_4_93.3_30,2011,1,3,Sample,NA
Seb.Rep.1.long.b.15.S60,Sebastes,Sebastes_2011_4_93.3_60_1_1,2011_4_93.3_60,2011,1,1,Sample,NA
Seb.Rep.2.b.15.S154,Sebastes,Sebastes_2011_4_93.3_60_1_2,2011_4_93.3_60,2011,1,2,Sample,NA
Seb.Rep.3.b.15.S248,Sebastes,Sebastes_2011_4_93.3_60_1_3,2011_4_93.3_60,2011,1,3,Sample,NA
Miu.1.b.09.S57,MiFish,MiFish_2010_5_80_60_1_1,2010_5_80_60,2010,1,1,Sample,NA
Miu.1.b.10.S58,MiFish,MiFish_2010_4_93.3_30_1_1,2010_4_93.3_30,2010,1,1,Sample,NA
Miu.1.b.11.S59,MiFish,MiFish_2010_4_93.3_60_1_1,2010_4_93.3_60,2010,1,1,Sample,NA
Miu.2.b.09.S157,MiFish,MiFish_2010_5_80_60_1_2,2010_5_80_60,2010,1,2,Sample,NA
Miu.2.b.10.S158,MiFish,MiFish_2010_4_93.3_30_1_2,2010_4_93.3_30,2010,1,2,Sample,NA
Miu.2.b.11.S159,MiFish,MiFish_2010_4_93.3_60_1_2,2010_4_93.3_60,2010,1,2,Sample,NA
Miu.3.b.09.S257,MiFish,MiFish_2010_5_80_60_1_3,2010_5_80_60,2010,1,3,Sample,NA
Miu.3.b.10.S258,MiFish,MiFish_2010_4_93.3_30_1_3,2010_4_93.3_30,2010,1,3,Sample,NA
Miu.3.b.11.S259,MiFish,MiFish_2010_4_93.3_60_1_3,2010_4_93.3_60,2010,1,3,Sample,NA
Seb.Rep.1.long.b.10.S55,Sebastes,Sebastes_2010_4_93.3_30_1_1,2010_4_93.3_30,2010,1,1,Sample,NA
Seb.Rep.2.b.10.S149,Sebastes,Sebastes_2010_4_93.3_30_1_2,2010_4_93.3_30,2010,1,2,Sample,NA
Seb.Rep.3.b.10.S243,Sebastes,Sebastes_2010_4_93.3_30_1_3,2010_4_93.3_30,2010,1,3,Sample,NA
Seb.Rep.1.long.b.11.S56,Sebastes,Sebastes_2010_4_93.3_60_1_1,2010_4_93.3_60,2010,1,1,Sample,NA
Seb.Rep.2.b.11.S150,Sebastes,Sebastes_2010_4_93.3_60_1_2,2010_4_93.3_60,2010,1,2,Sample,NA
Seb.Rep.3.b.11.S244,Sebastes,Sebastes_2010_4_93.3_60_1_3,2010_4_93.3_60,2010,1,3,Sample,NA
Seb.Rep.1.long.b.9.S54,Sebastes,Sebastes_2010_5_80_60_1_1,2010_5_80_60,2010,1,1,Sample,NA
Seb.Rep.2.b.9.S148,Sebastes,Sebastes_2010_5_80_60_1_2,2010_5_80_60,2010,1,2,Sample,NA
Seb.Rep.3.b.9.S242,Sebastes,Sebastes_2010_5_80_60_1_3,2010_5_80_60,2010,1,3,Sample,NA
Miu.1.b.03.S51,MiFish,MiFish_2009_3_80_60_1_1,2009_3_80_60,2009,1,1,Sample,NA
Miu.1.b.04.S52,MiFish,MiFish_2009_3_86.7_50_1_1,2009_3_86.7_50,2009,1,1,Sample,NA
Miu.1.b.05.S53,MiFish,MiFish_2009_3_86.7_50_2_1,2009_3_86.7_50,2009,2,1,Sample,NA
Miu.1.b.06.S54,MiFish,MiFish_2009_3_86.7_50_3_1,2009_3_86.7_50,2009,3,1,Sample,NA
Miu.1.b.07.S55,MiFish,MiFish_2009_3_93.3_30_1_1,2009_3_93.3_30,2009,1,1,Sample,NA
Miu.1.b.08.S56,MiFish,MiFish_2009_3_93.3_60_1_1,2009_3_93.3_60,2009,1,1,Sample,NA
Miu.2.b.03.S151,MiFish,MiFish_2009_3_80_60_1_2,2009_3_80_60,2009,1,2,Sample,NA
Miu.2.b.04.S152,MiFish,MiFish_2009_3_86.7_50_1_2,2009_3_86.7_50,2009,1,2,Sample,NA
Miu.2.b.05.S153,MiFish,MiFish_2009_3_86.7_50_2_2,2009_3_86.7_50,2009,2,2,Sample,NA
Miu.2.b.06.S154,MiFish,MiFish_2009_3_86.7_50_3_2,2009_3_86.7_50,2009,3,2,Sample,NA
Miu.2.b.07.S155,MiFish,MiFish_2009_3_93.3_30_1_2,2009_3_93.3_30,2009,1,2,Sample,NA
Miu.2.b.08.S156,MiFish,MiFish_2009_3_93.3_60_1_2,2009_3_93.3_60,2009,1,2,Sample,NA
Miu.3.b.03.S251,MiFish,MiFish_2009_3_80_60_1_3,2009_3_80_60,2009,1,3,Sample,NA
Miu.3.b.04.S252,MiFish,MiFish_2009_3_86.7_50_1_3,2009_3_86.7_50,2009,1,3,Sample,NA
Miu.3.b.05.S253,MiFish,MiFish_2009_3_86.7_50_2_3,2009_3_86.7_50,2009,2,3,Sample,NA
Miu.3.b.06.S254,MiFish,MiFish_2009_3_86.7_50_3_3,2009_3_86.7_50,2009,3,3,Sample,NA
Miu.3.b.07.S255,MiFish,MiFish_2009_3_93.3_30_1_3,2009_3_93.3_30,2009,1,3,Sample,NA
Miu.3.b.08.S256,MiFish,MiFish_2009_3_93.3_60_1_3,2009_3_93.3_60,2009,1,3,Sample,NA
Seb.Rep.1.long.b.3.S48,Sebastes,Sebastes_2009_3_80_60_1_1,2009_3_80_60,2009,1,1,Sample,NA
Seb.Rep.2.b.3.S142,Sebastes,Sebastes_2009_3_80_60_1_2,2009_3_80_60,2009,1,2,Sample,NA
Seb.Rep.3.b.3.S236,Sebastes,Sebastes_2009_3_80_60_1_3,2009_3_80_60,2009,1,3,Sample,NA
Seb.Rep.1.long.b.4.S49,Sebastes,Sebastes_2009_3_86.7_50_1_1,2009_3_86.7_50,2009,1,1,Sample,NA
Seb.Rep.2.b.4.S143,Sebastes,Sebastes_2009_3_86.7_50_1_2,2009_3_86.7_50,2009,1,2,Sample,NA
Seb.Rep.3.b.4.S237,Sebastes,Sebastes_2009_3_86.7_50_1_3,2009_3_86.7_50,2009,1,3,Sample,NA
Seb.Rep.1.long.b.5.S50,Sebastes,Sebastes_2009_3_86.7_50_2_1,2009_3_86.7_50,2009,2,1,Sample,NA
Seb.Rep.2.b.5.S144,Sebastes,Sebastes_2009_3_86.7_50_2_2,2009_3_86.7_50,2009,2,2,Sample,NA
Seb.Rep.3.b.5.S238,Sebastes,Sebastes_2009_3_86.7_50_2_3,2009_3_86.7_50,2009,2,3,Sample,NA
Seb.Rep.1.long.b.6.S51,Sebastes,Sebastes_2009_3_86.7_50_3_1,2009_3_86.7_50,2009,3,1,Sample,NA
Seb.Rep.2.b.6.S145,Sebastes,Sebastes_2009_3_86.7_50_3_2,2009_3_86.7_50,2009,3,2,Sample,NA
Seb.Rep.3.b.6.S239,Sebastes,Sebastes_2009_3_86.7_50_3_3,2009_3_86.7_50,2009,3,3,Sample,NA
Seb.Rep.1.long.b.7.S52,Sebastes,Sebastes_2009_3_93.3_30_1_1,2009_3_93.3_30,2009,1,1,Sample,NA
Seb.Rep.2.b.7.S146,Sebastes,Sebastes_2009_3_93.3_30_1_2,2009_3_93.3_30,2009,1,2,Sample,NA
Seb.Rep.3.b.7.S240,Sebastes,Sebastes_2009_3_93.3_30_1_3,2009_3_93.3_30,2009,1,3,Sample,NA
Seb.Redo.3.3.S147,Sebastes,Sebastes_2009_3_93.3_60_1_1,2009_3_93.3_60,2009,1,1,Sample,NA
Seb.Rep.1.long.b.8.S53,Sebastes,Sebastes_2009_3_93.3_60_1_2,2009_3_93.3_60,2009,1,2,Sample,NA
Seb.Rep.3.b.8.S241,Sebastes,Sebastes_2009_3_93.3_60_1_3,2009_3_93.3_60,2009,1,3,Sample,NA
Miu.1.a.46.S46,MiFish,MiFish_2008_4_86.7_50_1_1,2008_4_86.7_50,2008,1,1,Sample,NA
Miu.1.b.01.S49,MiFish,MiFish_2008_3_93.3_30_1_1,2008_3_93.3_30,2008,1,1,Sample,NA
Miu.1.b.02.S50,MiFish,MiFish_2008_3_93.3_60_1_1,2008_3_93.3_60,2008,1,1,Sample,NA
Miu.2.a.46.S146,MiFish,MiFish_2008_4_86.7_50_1_2,2008_4_86.7_50,2008,1,2,Sample,NA
Miu.2.b.01.S149,MiFish,MiFish_2008_3_93.3_30_1_2,2008_3_93.3_30,2008,1,2,Sample,NA
Miu.2.b.02.S150,MiFish,MiFish_2008_3_93.3_60_1_2,2008_3_93.3_60,2008,1,2,Sample,NA
Miu.3.a.46.S246,MiFish,MiFish_2008_4_86.7_50_1_3,2008_4_86.7_50,2008,1,3,Sample,NA
Miu.3.b.01.S249,MiFish,MiFish_2008_3_93.3_30_1_3,2008_3_93.3_30,2008,1,3,Sample,NA
Miu.3.b.02.S250,MiFish,MiFish_2008_3_93.3_60_1_3,2008_3_93.3_60,2008,1,3,Sample,NA
Seb.Rep.1.long.b.1.S46,Sebastes,Sebastes_2008_3_93.3_30_1_1,2008_3_93.3_30,2008,1,1,Sample,NA
Seb.Rep.2.b.1.S140,Sebastes,Sebastes_2008_3_93.3_30_1_2,2008_3_93.3_30,2008,1,2,Sample,NA
Seb.Rep.3.b.1.S234,Sebastes,Sebastes_2008_3_93.3_30_1_3,2008_3_93.3_30,2008,1,3,Sample,NA
Seb.Rep.1.long.b.2.S47,Sebastes,Sebastes_2008_3_93.3_60_1_1,2008_3_93.3_60,2008,1,1,Sample,NA
Seb.Rep.2.b.2.S141,Sebastes,Sebastes_2008_3_93.3_60_1_2,2008_3_93.3_60,2008,1,2,Sample,NA
Seb.Rep.3.b.2.S235,Sebastes,Sebastes_2008_3_93.3_60_1_3,2008_3_93.3_60,2008,1,3,Sample,NA
Seb.Rep.1.long.46.S43,Sebastes,Sebastes_2008_4_86.7_50_1_1,2008_4_86.7_50,2008,1,1,Sample,NA
Seb.Rep.2.a.46.S137,Sebastes,Sebastes_2008_4_86.7_50_1_2,2008_4_86.7_50,2008,1,2,Sample,NA
Seb.Rep.3.a.46.S231,Sebastes,Sebastes_2008_4_86.7_50_1_3,2008_4_86.7_50,2008,1,3,Sample,NA
Miu.1.a.41.S41,MiFish,MiFish_2007_4_80_60_1_1,2007_4_80_60,2007,1,1,Sample,NA
Miu.1.a.42.S42,MiFish,MiFish_2007_4_80_60_2_1,2007_4_80_60,2007,2,1,Sample,NA
Miu.1.a.43.S43,MiFish,MiFish_2007_4_86.7_50_1_1,2007_4_86.7_50,2007,1,1,Sample,NA
Miu.1.a.44.S44,MiFish,MiFish_2007_3_93.3_30_1_1,2007_3_93.3_30,2007,1,1,Sample,NA
Miu.1.a.45.S45,MiFish,MiFish_2007_3_93.3_60_1_1,2007_3_93.3_60,2007,1,1,Sample,NA
Miu.2.a.41.S141,MiFish,MiFish_2007_4_80_60_1_2,2007_4_80_60,2007,1,2,Sample,NA
Miu.2.a.42.S142,MiFish,MiFish_2007_4_80_60_2_2,2007_4_80_60,2007,2,2,Sample,NA
Miu.2.a.43.S143,MiFish,MiFish_2007_4_86.7_50_1_2,2007_4_86.7_50,2007,1,2,Sample,NA
Miu.2.a.44.S144,MiFish,MiFish_2007_3_93.3_30_1_2,2007_3_93.3_30,2007,1,2,Sample,NA
Miu.2.a.45.S145,MiFish,MiFish_2007_3_93.3_60_1_2,2007_3_93.3_60,2007,1,2,Sample,NA
Miu.3.a.41.S241,MiFish,MiFish_2007_4_80_60_1_3,2007_4_80_60,2007,1,3,Sample,NA
Miu.3.a.42.S242,MiFish,MiFish_2007_4_80_60_2_3,2007_4_80_60,2007,2,3,Sample,NA
Miu.3.a.43.S243,MiFish,MiFish_2007_4_86.7_50_1_3,2007_4_86.7_50,2007,1,3,Sample,NA
Miu.3.a.44.S244,MiFish,MiFish_2007_3_93.3_30_1_3,2007_3_93.3_30,2007,1,3,Sample,NA
Miu.3.a.45.S245,MiFish,MiFish_2007_3_93.3_60_1_3,2007_3_93.3_60,2007,1,3,Sample,NA
Seb.Rep.1.long.44.S41,Sebastes,Sebastes_2007_3_93.3_30_1_1,2007_3_93.3_30,2007,1,1,Sample,NA
Seb.Rep.2.a.44.S135,Sebastes,Sebastes_2007_3_93.3_30_1_2,2007_3_93.3_30,2007,1,2,Sample,NA
Seb.Rep.3.a.44.S229,Sebastes,Sebastes_2007_3_93.3_30_1_3,2007_3_93.3_30,2007,1,3,Sample,NA
Seb.Rep.1.long.45.S42,Sebastes,Sebastes_2007_3_93.3_60_1_1,2007_3_93.3_60,2007,1,1,Sample,NA
Seb.Rep.2.a.45.S136,Sebastes,Sebastes_2007_3_93.3_60_1_2,2007_3_93.3_60,2007,1,2,Sample,NA
Seb.Rep.3.a.45.S230,Sebastes,Sebastes_2007_3_93.3_60_1_3,2007_3_93.3_60,2007,1,3,Sample,NA
Seb.Rep.1.long.41.S38,Sebastes,Sebastes_2007_4_80_60_1_1,2007_4_80_60,2007,1,1,Sample,NA
Seb.Rep.2.a.41.S132,Sebastes,Sebastes_2007_4_80_60_1_2,2007_4_80_60,2007,1,2,Sample,NA
Seb.Rep.3.a.41.S226,Sebastes,Sebastes_2007_4_80_60_1_3,2007_4_80_60,2007,1,3,Sample,NA
Seb.Rep.1.long.42.S39,Sebastes,Sebastes_2007_4_80_60_2_1,2007_4_80_60,2007,2,1,Sample,NA
Seb.Rep.2.a.42.S133,Sebastes,Sebastes_2007_4_80_60_2_2,2007_4_80_60,2007,2,2,Sample,NA
Seb.Rep.3.a.42.S227,Sebastes,Sebastes_2007_4_80_60_2_3,2007_4_80_60,2007,2,3,Sample,NA
Seb.Rep.1.long.43.S40,Sebastes,Sebastes_2007_4_86.7_50_1_1,2007_4_86.7_50,2007,1,1,Sample,NA
Seb.Rep.2.a.43.S134,Sebastes,Sebastes_2007_4_86.7_50_1_2,2007_4_86.7_50,2007,1,2,Sample,NA
Seb.Rep.3.a.43.S228,Sebastes,Sebastes_2007_4_86.7_50_1_3,2007_4_86.7_50,2007,1,3,Sample,NA
Miu.1.a.37.S37,MiFish,MiFish_2006_4_80_60_1_1,2006_4_80_60,2006,1,1,Sample,NA
Miu.1.a.38.S38,MiFish,MiFish_2006_4_86.7_50_1_1,2006_4_86.7_50,2006,1,1,Sample,NA
Miu.1.a.39.S39,MiFish,MiFish_2006_4_93.3_30_1_1,2006_4_93.3_30,2006,1,1,Sample,NA
Miu.1.a.40.S40,MiFish,MiFish_2006_4_93.3_60_1_1,2006_4_93.3_60,2006,1,1,Sample,NA
Miu.2.a.37.S137,MiFish,MiFish_2006_4_80_60_1_2,2006_4_80_60,2006,1,2,Sample,NA
Miu.2.a.38.S138,MiFish,MiFish_2006_4_86.7_50_1_2,2006_4_86.7_50,2006,1,2,Sample,NA
Miu.2.a.39.S139,MiFish,MiFish_2006_4_93.3_30_1_2,2006_4_93.3_30,2006,1,2,Sample,NA
Miu.2.a.40.S140,MiFish,MiFish_2006_4_93.3_60_1_2,2006_4_93.3_60,2006,1,2,Sample,NA
Miu.3.a.37.S237,MiFish,MiFish_2006_4_80_60_1_3,2006_4_80_60,2006,1,3,Sample,NA
Miu.3.a.38.S238,MiFish,MiFish_2006_4_86.7_50_1_3,2006_4_86.7_50,2006,1,3,Sample,NA
Miu.3.a.39.S239,MiFish,MiFish_2006_4_93.3_30_1_3,2006_4_93.3_30,2006,1,3,Sample,NA
Miu.3.a.40.S240,MiFish,MiFish_2006_4_93.3_60_1_3,2006_4_93.3_60,2006,1,3,Sample,NA
Seb.Redo.3.HM.2.S35,Sebastes,Sebastes_2006_4_80_60_1_1,2006_4_80_60,2006,1,1,Sample,NA
Seb.Rep.2.a.37.S129,Sebastes,Sebastes_2006_4_80_60_1_2,2006_4_80_60,2006,1,2,Sample,NA
Seb.Rep.3.a.37.S223,Sebastes,Sebastes_2006_4_80_60_1_3,2006_4_80_60,2006,1,3,Sample,NA
Seb.Rep.1.long.38.S36,Sebastes,Sebastes_2006_4_86.7_50_1_1,2006_4_86.7_50,2006,1,1,Sample,NA
Seb.Rep.2.a.38.S130,Sebastes,Sebastes_2006_4_86.7_50_1_2,2006_4_86.7_50,2006,1,2,Sample,NA
Seb.Rep.3.a.38.S224,Sebastes,Sebastes_2006_4_86.7_50_1_3,2006_4_86.7_50,2006,1,3,Sample,NA
Seb.Rep.1.long.39.S37,Sebastes,Sebastes_2006_4_93.3_30_1_1,2006_4_93.3_30,2006,1,1,Sample,NA
Seb.Rep.2.a.39.S131,Sebastes,Sebastes_2006_4_93.3_30_1_2,2006_4_93.3_30,2006,1,2,Sample,NA
Seb.Rep.3.a.39.S225,Sebastes,Sebastes_2006_4_93.3_30_1_3,2006_4_93.3_30,2006,1,3,Sample,NA
Miu.1.a.33.S33,MiFish,MiFish_2005_4_80_60_1_1,2005_4_80_60,2005,1,1,Sample,NA
Miu.1.a.34.S34,MiFish,MiFish_2005_4_86.7_50_1_1,2005_4_86.7_50,2005,1,1,Sample,NA
Miu.1.a.35.S35,MiFish,MiFish_2005_4_93.3_30_1_1,2005_4_93.3_30,2005,1,1,Sample,NA
Miu.1.a.36.S36,MiFish,MiFish_2005_4_93.3_60_1_1,2005_4_93.3_60,2005,1,1,Sample,NA
Miu.2.a.33.S133,MiFish,MiFish_2005_4_80_60_1_2,2005_4_80_60,2005,1,2,Sample,NA
Miu.2.a.34.S134,MiFish,MiFish_2005_4_86.7_50_1_2,2005_4_86.7_50,2005,1,2,Sample,NA
Miu.2.a.35.S135,MiFish,MiFish_2005_4_93.3_30_1_2,2005_4_93.3_30,2005,1,2,Sample,NA
Miu.2.a.36.S136,MiFish,MiFish_2005_4_93.3_60_1_2,2005_4_93.3_60,2005,1,2,Sample,NA
Miu.3.a.33.S233,MiFish,MiFish_2005_4_80_60_1_3,2005_4_80_60,2005,1,3,Sample,NA
Miu.3.a.34.S234,MiFish,MiFish_2005_4_86.7_50_1_3,2005_4_86.7_50,2005,1,3,Sample,NA
Miu.3.a.35.S235,MiFish,MiFish_2005_4_93.3_30_1_3,2005_4_93.3_30,2005,1,3,Sample,NA
Miu.3.a.36.S236,MiFish,MiFish_2005_4_93.3_60_1_3,2005_4_93.3_60,2005,1,3,Sample,NA
Seb.Rep.1.long.33.S31,Sebastes,Sebastes_2005_4_80_60_1_1,2005_4_80_60,2005,1,1,Sample,NA
Seb.Rep.2.a.33.S125,Sebastes,Sebastes_2005_4_80_60_1_2,2005_4_80_60,2005,1,2,Sample,NA
Seb.Rep.3.a.33.S219,Sebastes,Sebastes_2005_4_80_60_1_3,2005_4_80_60,2005,1,3,Sample,NA
Seb.Rep.1.long.34.S32,Sebastes,Sebastes_2005_4_86.7_50_1_1,2005_4_86.7_50,2005,1,1,Sample,NA
Seb.Rep.2.a.34.S126,Sebastes,Sebastes_2005_4_86.7_50_1_2,2005_4_86.7_50,2005,1,2,Sample,NA
Seb.Rep.3.a.34.S220,Sebastes,Sebastes_2005_4_86.7_50_1_3,2005_4_86.7_50,2005,1,3,Sample,NA
Seb.Rep.1.long.35.S33,Sebastes,Sebastes_2005_4_93.3_30_1_1,2005_4_93.3_30,2005,1,1,Sample,NA
Seb.Rep.2.a.35.S127,Sebastes,Sebastes_2005_4_93.3_30_1_2,2005_4_93.3_30,2005,1,2,Sample,NA
Seb.Rep.3.a.35.S221,Sebastes,Sebastes_2005_4_93.3_30_1_3,2005_4_93.3_30,2005,1,3,Sample,NA
Seb.Redo.3.HM.1.S34,Sebastes,Sebastes_2005_4_93.3_60_1_1,2005_4_93.3_60,2005,1,1,Sample,NA
Seb.Rep.2.a.36.S128,Sebastes,Sebastes_2005_4_93.3_60_1_2,2005_4_93.3_60,2005,1,2,Sample,NA
Seb.Rep.3.a.36.S222,Sebastes,Sebastes_2005_4_93.3_60_1_3,2005_4_93.3_60,2005,1,3,Sample,NA
Miu.1.a.29.S29,MiFish,MiFish_2004_4_80_60_1_1,2004_4_80_60,2004,1,1,Sample,NA
Miu.1.a.30.S30,MiFish,MiFish_2004_3_86.7_50_1_1,2004_3_86.7_50,2004,1,1,Sample,NA
Miu.1.a.31.S31,MiFish,MiFish_2004_3_93.3_30_1_1,2004_3_93.3_30,2004,1,1,Sample,NA
Miu.1.a.32.S32,MiFish,MiFish_2004_3_93.3_60_1_1,2004_3_93.3_60,2004,1,1,Sample,NA
Miu.2.a.29.S129,MiFish,MiFish_2004_4_80_60_1_2,2004_4_80_60,2004,1,2,Sample,NA
Miu.2.a.30.S130,MiFish,MiFish_2004_3_86.7_50_1_2,2004_3_86.7_50,2004,1,2,Sample,NA
Miu.2.a.31.S131,MiFish,MiFish_2004_3_93.3_30_1_2,2004_3_93.3_30,2004,1,2,Sample,NA
Miu.2.a.32.S132,MiFish,MiFish_2004_3_93.3_60_1_2,2004_3_93.3_60,2004,1,2,Sample,NA
Miu.3.a.29.S229,MiFish,MiFish_2004_4_80_60_1_3,2004_4_80_60,2004,1,3,Sample,NA
Miu.3.a.30.S230,MiFish,MiFish_2004_3_86.7_50_1_3,2004_3_86.7_50,2004,1,3,Sample,NA
Miu.3.a.31.S231,MiFish,MiFish_2004_3_93.3_30_1_3,2004_3_93.3_30,2004,1,3,Sample,NA
Miu.3.a.32.S232,MiFish,MiFish_2004_3_93.3_60_1_3,2004_3_93.3_60,2004,1,3,Sample,NA
Seb.Rep.1.long.30.S28,Sebastes,Sebastes_2004_3_86.7_50_1_1,2004_3_86.7_50,2004,1,1,Sample,NA
Seb.Rep.2.a.30.S122,Sebastes,Sebastes_2004_3_86.7_50_1_2,2004_3_86.7_50,2004,1,2,Sample,NA
Seb.Rep.3.a.30.S216,Sebastes,Sebastes_2004_3_86.7_50_1_3,2004_3_86.7_50,2004,1,3,Sample,NA
Seb.Rep.1.long.31.S29,Sebastes,Sebastes_2004_3_93.3_30_1_1,2004_3_93.3_30,2004,1,1,Sample,NA
Seb.Rep.2.a.31.S123,Sebastes,Sebastes_2004_3_93.3_30_1_2,2004_3_93.3_30,2004,1,2,Sample,NA
Seb.Rep.3.a.31.S217,Sebastes,Sebastes_2004_3_93.3_30_1_3,2004_3_93.3_30,2004,1,3,Sample,NA
Seb.Rep.1.long.32.S30,Sebastes,Sebastes_2004_3_93.3_60_1_1,2004_3_93.3_60,2004,1,1,Sample,NA
Seb.Rep.2.a.32.S124,Sebastes,Sebastes_2004_3_93.3_60_1_2,2004_3_93.3_60,2004,1,2,Sample,NA
Seb.Rep.3.a.32.S218,Sebastes,Sebastes_2004_3_93.3_60_1_3,2004_3_93.3_60,2004,1,3,Sample,NA
Seb.Rep.1.long.29.S27,Sebastes,Sebastes_2004_4_80_60_1_1,2004_4_80_60,2004,1,1,Sample,NA
Seb.Rep.2.a.29.S121,Sebastes,Sebastes_2004_4_80_60_1_2,2004_4_80_60,2004,1,2,Sample,NA
Seb.Rep.3.a.29.S215,Sebastes,Sebastes_2004_4_80_60_1_3,2004_4_80_60,2004,1,3,Sample,NA
Miu.1.a.25.S25,MiFish,MiFish_2003_4_80_60_1_1,2003_4_80_60,2003,1,1,Sample,NA
Miu.1.a.26.S26,MiFish,MiFish_2003_4_86.7_50_1_1,2003_4_86.7_50,2003,1,1,Sample,NA
Miu.1.a.27.S27,MiFish,MiFish_2003_4_93.3_30_1_1,2003_4_93.3_30,2003,1,1,Sample,NA
Miu.1.a.28.S28,MiFish,MiFish_2003_4_93.3_60_1_1,2003_4_93.3_60,2003,1,1,Sample,NA
Miu.2.a.25.S125,MiFish,MiFish_2003_4_80_60_1_2,2003_4_80_60,2003,1,2,Sample,NA
Miu.2.a.26.S126,MiFish,MiFish_2003_4_86.7_50_1_2,2003_4_86.7_50,2003,1,2,Sample,NA
Miu.2.a.27.S127,MiFish,MiFish_2003_4_93.3_30_1_2,2003_4_93.3_30,2003,1,2,Sample,NA
Miu.2.a.28.S128,MiFish,MiFish_2003_4_93.3_60_1_2,2003_4_93.3_60,2003,1,2,Sample,NA
Miu.3.a.25.S225,MiFish,MiFish_2003_4_80_60_1_3,2003_4_80_60,2003,1,3,Sample,NA
Miu.3.a.26.S226,MiFish,MiFish_2003_4_86.7_50_1_3,2003_4_86.7_50,2003,1,3,Sample,NA
Miu.3.a.27.S227,MiFish,MiFish_2003_4_93.3_30_1_3,2003_4_93.3_30,2003,1,3,Sample,NA
Miu.3.a.28.S228,MiFish,MiFish_2003_4_93.3_60_1_3,2003_4_93.3_60,2003,1,3,Sample,NA
Seb.Rep.1.long.25.S23,Sebastes,Sebastes_2003_4_80_60_1_1,2003_4_80_60,2003,1,1,Sample,NA
Seb.Rep.2.a.25.S117,Sebastes,Sebastes_2003_4_80_60_1_2,2003_4_80_60,2003,1,2,Sample,NA
Seb.Rep.3.a.25.S211,Sebastes,Sebastes_2003_4_80_60_1_3,2003_4_80_60,2003,1,3,Sample,NA
Seb.Rep.1.long.26.S24,Sebastes,Sebastes_2003_4_86.7_50_1_1,2003_4_86.7_50,2003,1,1,Sample,NA
Seb.Rep.2.a.26.S118,Sebastes,Sebastes_2003_4_86.7_50_1_2,2003_4_86.7_50,2003,1,2,Sample,NA
Seb.Rep.3.a.26.S212,Sebastes,Sebastes_2003_4_86.7_50_1_3,2003_4_86.7_50,2003,1,3,Sample,NA
Seb.Rep.1.long.27.S25,Sebastes,Sebastes_2003_4_93.3_30_1_1,2003_4_93.3_30,2003,1,1,Sample,NA
Seb.Rep.2.a.27.S119,Sebastes,Sebastes_2003_4_93.3_30_1_2,2003_4_93.3_30,2003,1,2,Sample,NA
Seb.Rep.3.a.27.S213,Sebastes,Sebastes_2003_4_93.3_30_1_3,2003_4_93.3_30,2003,1,3,Sample,NA
Seb.Rep.1.long.28.S26,Sebastes,Sebastes_2003_4_93.3_60_1_1,2003_4_93.3_60,2003,1,1,Sample,NA
Seb.Rep.2.a.28.S120,Sebastes,Sebastes_2003_4_93.3_60_1_2,2003_4_93.3_60,2003,1,2,Sample,NA
Seb.Rep.3.a.28.S214,Sebastes,Sebastes_2003_4_93.3_60_1_3,2003_4_93.3_60,2003,1,3,Sample,NA
Miu.1.a.21.S21,MiFish,MiFish_2002_4_80_60_1_1,2002_4_80_60,2002,1,1,Sample,NA
Miu.1.a.22.S22,MiFish,MiFish_2002_4_86.7_50_1_1,2002_4_86.7_50,2002,1,1,Sample,NA
Miu.1.a.23.S23,MiFish,MiFish_2002_3_93.3_30_1_1,2002_3_93.3_30,2002,1,1,Sample,NA
Miu.1.a.24.S24,MiFish,MiFish_2002_3_93.3_60_1_1,2002_3_93.3_60,2002,1,1,Sample,NA
Miu.2.a.21.S121,MiFish,MiFish_2002_4_80_60_1_2,2002_4_80_60,2002,1,2,Sample,NA
Miu.2.a.22.S122,MiFish,MiFish_2002_4_86.7_50_1_2,2002_4_86.7_50,2002,1,2,Sample,NA
Miu.2.a.23.S123,MiFish,MiFish_2002_3_93.3_30_1_2,2002_3_93.3_30,2002,1,2,Sample,NA
Miu.2.a.24.S124,MiFish,MiFish_2002_3_93.3_60_1_2,2002_3_93.3_60,2002,1,2,Sample,NA
Miu.3.a.21.S221,MiFish,MiFish_2002_4_80_60_1_3,2002_4_80_60,2002,1,3,Sample,NA
Miu.3.a.22.S222,MiFish,MiFish_2002_4_86.7_50_1_3,2002_4_86.7_50,2002,1,3,Sample,NA
Miu.3.a.23.S223,MiFish,MiFish_2002_3_93.3_30_1_3,2002_3_93.3_30,2002,1,3,Sample,NA
Miu.3.a.24.S224,MiFish,MiFish_2002_3_93.3_60_1_3,2002_3_93.3_60,2002,1,3,Sample,NA
Seb.Rep.1.long.23.S21,Sebastes,Sebastes_2002_3_93.3_30_1_1,2002_3_93.3_30,2002,1,1,Sample,NA
Seb.Rep.2.a.23.S115,Sebastes,Sebastes_2002_3_93.3_30_1_2,2002_3_93.3_30,2002,1,2,Sample,NA
Seb.Rep.3.a.23.S209,Sebastes,Sebastes_2002_3_93.3_30_1_3,2002_3_93.3_30,2002,1,3,Sample,NA
Seb.Rep.1.long.24.S22,Sebastes,Sebastes_2002_3_93.3_60_1_1,2002_3_93.3_60,2002,1,1,Sample,NA
Seb.Rep.2.a.24.S116,Sebastes,Sebastes_2002_3_93.3_60_1_2,2002_3_93.3_60,2002,1,2,Sample,NA
Seb.Rep.3.a.24.S210,Sebastes,Sebastes_2002_3_93.3_60_1_3,2002_3_93.3_60,2002,1,3,Sample,NA
Seb.Rep.1.long.21.S19,Sebastes,Sebastes_2002_4_80_60_1_1,2002_4_80_60,2002,1,1,Sample,NA
Seb.Rep.2.a.21.S113,Sebastes,Sebastes_2002_4_80_60_1_2,2002_4_80_60,2002,1,2,Sample,NA
Seb.Rep.3.a.21.S207,Sebastes,Sebastes_2002_4_80_60_1_3,2002_4_80_60,2002,1,3,Sample,NA
Seb.Rep.1.long.22.S20,Sebastes,Sebastes_2002_4_86.7_50_1_1,2002_4_86.7_50,2002,1,1,Sample,NA
Seb.Rep.2.a.22.S114,Sebastes,Sebastes_2002_4_86.7_50_1_2,2002_4_86.7_50,2002,1,2,Sample,NA
Seb.Rep.3.a.22.S208,Sebastes,Sebastes_2002_4_86.7_50_1_3,2002_4_86.7_50,2002,1,3,Sample,NA
Miu.1.a.17.S17,MiFish,MiFish_2001_4_80_60_1_1,2001_4_80_60,2001,1,1,Sample,NA
Miu.1.a.18.S18,MiFish,MiFish_2001_4_86.7_50_1_1,2001_4_86.7_50,2001,1,1,Sample,NA
Miu.1.a.19.S19,MiFish,MiFish_2001_4_93.3_30_1_1,2001_4_93.3_30,2001,1,1,Sample,NA
Miu.1.a.20.S20,MiFish,MiFish_2001_4_93.3_60_1_1,2001_4_93.3_60,2001,1,1,Sample,NA
Miu.2.a.17.S117,MiFish,MiFish_2001_4_80_60_1_2,2001_4_80_60,2001,1,2,Sample,NA
Miu.2.a.18.S118,MiFish,MiFish_2001_4_86.7_50_1_2,2001_4_86.7_50,2001,1,2,Sample,NA
Miu.2.a.19.S119,MiFish,MiFish_2001_4_93.3_30_1_2,2001_4_93.3_30,2001,1,2,Sample,NA
Miu.2.a.20.S120,MiFish,MiFish_2001_4_93.3_60_1_2,2001_4_93.3_60,2001,1,2,Sample,NA
Miu.3.a.17.S217,MiFish,MiFish_2001_4_80_60_1_3,2001_4_80_60,2001,1,3,Sample,NA
Miu.3.a.18.S218,MiFish,MiFish_2001_4_86.7_50_1_3,2001_4_86.7_50,2001,1,3,Sample,NA
Miu.3.a.19.S219,MiFish,MiFish_2001_4_93.3_30_1_3,2001_4_93.3_30,2001,1,3,Sample,NA
Miu.3.a.20.S220,MiFish,MiFish_2001_4_93.3_60_1_3,2001_4_93.3_60,2001,1,3,Sample,NA
Seb.Rep.1.long.17.S15,Sebastes,Sebastes_2001_4_80_60_1_1,2001_4_80_60,2001,1,1,Sample,NA
Seb.Rep.2.a.17.S109,Sebastes,Sebastes_2001_4_80_60_1_2,2001_4_80_60,2001,1,2,Sample,NA
Seb.Rep.3.a.17.S203,Sebastes,Sebastes_2001_4_80_60_1_3,2001_4_80_60,2001,1,3,Sample,NA
Seb.Rep.1.long.18.S16,Sebastes,Sebastes_2001_4_86.7_50_1_1,2001_4_86.7_50,2001,1,1,Sample,NA
Seb.Rep.2.a.18.S110,Sebastes,Sebastes_2001_4_86.7_50_1_2,2001_4_86.7_50,2001,1,2,Sample,NA
Seb.Rep.3.a.18.S204,Sebastes,Sebastes_2001_4_86.7_50_1_3,2001_4_86.7_50,2001,1,3,Sample,NA
Seb.Rep.1.long.19.S17,Sebastes,Sebastes_2001_4_93.3_30_1_1,2001_4_93.3_30,2001,1,1,Sample,NA
Seb.Rep.2.a.19.S111,Sebastes,Sebastes_2001_4_93.3_30_1_2,2001_4_93.3_30,2001,1,2,Sample,NA
Seb.Rep.3.a.19.S205,Sebastes,Sebastes_2001_4_93.3_30_1_3,2001_4_93.3_30,2001,1,3,Sample,NA
Seb.Rep.1.long.20.S18,Sebastes,Sebastes_2001_4_93.3_60_1_1,2001_4_93.3_60,2001,1,1,Sample,NA
Seb.Rep.2.a.20.S112,Sebastes,Sebastes_2001_4_93.3_60_1_2,2001_4_93.3_60,2001,1,2,Sample,NA
Seb.Rep.3.a.20.S206,Sebastes,Sebastes_2001_4_93.3_60_1_3,2001_4_93.3_60,2001,1,3,Sample,NA
Miu.1.a.13.S13,MiFish,MiFish_2000_4_80_60_1_1,2000_4_80_60,2000,1,1,Sample,NA
Miu.1.a.14.S14,MiFish,MiFish_2000_4_86.7_50_1_1,2000_4_86.7_50,2000,1,1,Sample,NA
Miu.1.a.15.S15,MiFish,MiFish_2000_4_93.3_30_1_1,2000_4_93.3_30,2000,1,1,Sample,NA
Miu.1.a.16.S16,MiFish,MiFish_2000_4_93.3_60_1_1,2000_4_93.3_60,2000,1,1,Sample,NA
Miu.2.a.13.S113,MiFish,MiFish_2000_4_80_60_1_2,2000_4_80_60,2000,1,2,Sample,NA
Miu.2.a.14.S114,MiFish,MiFish_2000_4_86.7_50_1_2,2000_4_86.7_50,2000,1,2,Sample,NA
Miu.2.a.15.S115,MiFish,MiFish_2000_4_93.3_30_1_2,2000_4_93.3_30,2000,1,2,Sample,NA
Miu.2.a.16.S116,MiFish,MiFish_2000_4_93.3_60_1_2,2000_4_93.3_60,2000,1,2,Sample,NA
Miu.3.a.13.S213,MiFish,MiFish_2000_4_80_60_1_3,2000_4_80_60,2000,1,3,Sample,NA
Miu.3.a.14.S214,MiFish,MiFish_2000_4_86.7_50_1_3,2000_4_86.7_50,2000,1,3,Sample,NA
Miu.3.a.15.S215,MiFish,MiFish_2000_4_93.3_30_1_3,2000_4_93.3_30,2000,1,3,Sample,NA
Miu.3.a.16.S216,MiFish,MiFish_2000_4_93.3_60_1_3,2000_4_93.3_60,2000,1,3,Sample,NA
Seb.Rep.1.long.13.S11,Sebastes,Sebastes_2000_4_80_60_1_1,2000_4_80_60,2000,1,1,Sample,NA
Seb.Rep.2.a.13.S105,Sebastes,Sebastes_2000_4_80_60_1_2,2000_4_80_60,2000,1,2,Sample,NA
Seb.Rep.3.a.13.S199,Sebastes,Sebastes_2000_4_80_60_1_3,2000_4_80_60,2000,1,3,Sample,NA
Seb.Rep.1.long.14.S12,Sebastes,Sebastes_2000_4_86.7_50_1_1,2000_4_86.7_50,2000,1,1,Sample,NA
Seb.Rep.2.a.14.S106,Sebastes,Sebastes_2000_4_86.7_50_1_2,2000_4_86.7_50,2000,1,2,Sample,NA
Seb.Rep.3.a.14.S200,Sebastes,Sebastes_2000_4_86.7_50_1_3,2000_4_86.7_50,2000,1,3,Sample,NA
Seb.Rep.1.long.15.S13,Sebastes,Sebastes_2000_4_93.3_30_1_1,2000_4_93.3_30,2000,1,1,Sample,NA
Seb.Rep.2.a.15.S107,Sebastes,Sebastes_2000_4_93.3_30_1_2,2000_4_93.3_30,2000,1,2,Sample,NA
Seb.Rep.3.a.15.S201,Sebastes,Sebastes_2000_4_93.3_30_1_3,2000_4_93.3_30,2000,1,3,Sample,NA
Seb.Rep.1.long.16.S14,Sebastes,Sebastes_2000_4_93.3_60_1_1,2000_4_93.3_60,2000,1,1,Sample,NA
Seb.Rep.2.a.16.S108,Sebastes,Sebastes_2000_4_93.3_60_1_2,2000_4_93.3_60,2000,1,2,Sample,NA
Seb.Rep.3.a.16.S202,Sebastes,Sebastes_2000_4_93.3_60_1_3,2000_4_93.3_60,2000,1,3,Sample,NA
Miu.1.a.09.S9,MiFish,MiFish_1999_4_80_60_1_1,1999_4_80_60,1999,1,1,Sample,NA
Miu.1.a.10.S10,MiFish,MiFish_1999_4_86.7_50_1_1,1999_4_86.7_50,1999,1,1,Sample,NA
Miu.1.a.11.S11,MiFish,MiFish_1999_4_93.3_30_1_1,1999_4_93.3_30,1999,1,1,Sample,NA
Miu.1.a.12.S12,MiFish,MiFish_1999_4_93.3_60_1_1,1999_4_93.3_60,1999,1,1,Sample,NA
Miu.2.a.09.S109,MiFish,MiFish_1999_4_80_60_1_2,1999_4_80_60,1999,1,2,Sample,NA
Miu.2.a.10.S110,MiFish,MiFish_1999_4_86.7_50_1_2,1999_4_86.7_50,1999,1,2,Sample,NA
Miu.2.a.11.S111,MiFish,MiFish_1999_4_93.3_30_1_2,1999_4_93.3_30,1999,1,2,Sample,NA
Miu.2.a.12.S112,MiFish,MiFish_1999_4_93.3_60_1_2,1999_4_93.3_60,1999,1,2,Sample,NA
Miu.3.a.09.S209,MiFish,MiFish_1999_4_80_60_1_3,1999_4_80_60,1999,1,3,Sample,NA
Miu.3.a.10.S210,MiFish,MiFish_1999_4_86.7_50_1_3,1999_4_86.7_50,1999,1,3,Sample,NA
Miu.3.a.11.S211,MiFish,MiFish_1999_4_93.3_30_1_3,1999_4_93.3_30,1999,1,3,Sample,NA
Miu.3.a.12.S212,MiFish,MiFish_1999_4_93.3_60_1_3,1999_4_93.3_60,1999,1,3,Sample,NA
Seb.Rep.1.long.9.S7,Sebastes,Sebastes_1999_4_80_60_1_1,1999_4_80_60,1999,1,1,Sample,NA
Seb.Rep.2.a.9.S101,Sebastes,Sebastes_1999_4_80_60_1_2,1999_4_80_60,1999,1,2,Sample,NA
Seb.Rep.3.a.9.S195,Sebastes,Sebastes_1999_4_80_60_1_3,1999_4_80_60,1999,1,3,Sample,NA
Seb.Rep.1.long.10.S8,Sebastes,Sebastes_1999_4_86.7_50_1_1,1999_4_86.7_50,1999,1,1,Sample,NA
Seb.Rep.2.a.10.S102,Sebastes,Sebastes_1999_4_86.7_50_1_2,1999_4_86.7_50,1999,1,2,Sample,NA
Seb.Rep.3.a.10.S196,Sebastes,Sebastes_1999_4_86.7_50_1_3,1999_4_86.7_50,1999,1,3,Sample,NA
Seb.Rep.1.long.11.S9,Sebastes,Sebastes_1999_4_93.3_30_1_1,1999_4_93.3_30,1999,1,1,Sample,NA
Seb.Rep.2.a.11.S103,Sebastes,Sebastes_1999_4_93.3_30_1_2,1999_4_93.3_30,1999,1,2,Sample,NA
Seb.Rep.3.a.11.S197,Sebastes,Sebastes_1999_4_93.3_30_1_3,1999_4_93.3_30,1999,1,3,Sample,NA
Seb.Rep.1.long.12.S10,Sebastes,Sebastes_1999_4_93.3_60_1_1,1999_4_93.3_60,1999,1,1,Sample,NA
Seb.Rep.2.a.12.S104,Sebastes,Sebastes_1999_4_93.3_60_1_2,1999_4_93.3_60,1999,1,2,Sample,NA
Seb.Rep.3.a.12.S198,Sebastes,Sebastes_1999_4_93.3_60_1_3,1999_4_93.3_60,1999,1,3,Sample,NA
Miu.1.a.05.S5,MiFish,MiFish_1998_4_80_60_1_1,1998_4_80_60,1998,1,1,Sample,NA
Miu.1.a.06.S6,MiFish,MiFish_1998_4_86.7_50_1_1,1998_4_86.7_50,1998,1,1,Sample,NA
Miu.1.a.07.S7,MiFish,MiFish_1998_4_93.3_30_1_1,1998_4_93.3_30,1998,1,1,Sample,NA
Miu.1.a.08.S8,MiFish,MiFish_1998_4_93.3_60_1_1,1998_4_93.3_60,1998,1,1,Sample,NA
Miu.2.a.05.S105,MiFish,MiFish_1998_4_80_60_1_2,1998_4_80_60,1998,1,2,Sample,NA
Miu.2.a.06.S106,MiFish,MiFish_1998_4_86.7_50_1_2,1998_4_86.7_50,1998,1,2,Sample,NA
Miu.2.a.07.S107,MiFish,MiFish_1998_4_93.3_30_1_2,1998_4_93.3_30,1998,1,2,Sample,NA
Miu.2.a.08.S108,MiFish,MiFish_1998_4_93.3_60_1_2,1998_4_93.3_60,1998,1,2,Sample,NA
Miu.3.a.05.S205,MiFish,MiFish_1998_4_80_60_1_3,1998_4_80_60,1998,1,3,Sample,NA
Miu.3.a.06.S206,MiFish,MiFish_1998_4_86.7_50_1_3,1998_4_86.7_50,1998,1,3,Sample,NA
Miu.3.a.07.S207,MiFish,MiFish_1998_4_93.3_30_1_3,1998_4_93.3_30,1998,1,3,Sample,NA
Miu.3.a.08.S208,MiFish,MiFish_1998_4_93.3_60_1_3,1998_4_93.3_60,1998,1,3,Sample,NA
Seb.Rep.1.long.5.S5,Sebastes,Sebastes_1998_4_80_60_1_1,1998_4_80_60,1998,1,1,Sample,NA
Seb.Rep.2.a.5.S99,Sebastes,Sebastes_1998_4_80_60_1_2,1998_4_80_60,1998,1,2,Sample,NA
Seb.Rep.3.a.5.S193,Sebastes,Sebastes_1998_4_80_60_1_3,1998_4_80_60,1998,1,3,Sample,NA
Seb.Rep.1.long.8.S6,Sebastes,Sebastes_1998_4_93.3_60_1_1,1998_4_93.3_60,1998,1,1,Sample,NA
Seb.Rep.2.a.8.S100,Sebastes,Sebastes_1998_4_93.3_60_1_2,1998_4_93.3_60,1998,1,2,Sample,NA
Seb.Rep.3.a.8.S194,Sebastes,Sebastes_1998_4_93.3_60_1_3,1998_4_93.3_60,1998,1,3,Sample,NA
Miu.1.a.01.S1,MiFish,MiFish_1996_4_80_60_1_1,1996_4_80_60,1996,1,1,Sample,NA
Miu.1.a.02.S2,MiFish,MiFish_1996_4_86.7_50_1_1,1996_4_86.7_50,1996,1,1,Sample,NA
Miu.1.a.03.S3,MiFish,MiFish_1996_4_93.3_30_1_1,1996_4_93.3_30,1996,1,1,Sample,NA
Miu.1.a.04.S4,MiFish,MiFish_1996_4_93.3_60_1_1,1996_4_93.3_60,1996,1,1,Sample,NA
Miu.2.a.01.S101,MiFish,MiFish_1996_4_80_60_1_2,1996_4_80_60,1996,1,2,Sample,NA
Miu.2.a.02.S102,MiFish,MiFish_1996_4_86.7_50_1_2,1996_4_86.7_50,1996,1,2,Sample,NA
Miu.2.a.03.S103,MiFish,MiFish_1996_4_93.3_30_1_2,1996_4_93.3_30,1996,1,2,Sample,NA
Miu.2.a.04.S104,MiFish,MiFish_1996_4_93.3_60_1_2,1996_4_93.3_60,1996,1,2,Sample,NA
Miu.3.a.01.S201,MiFish,MiFish_1996_4_80_60_1_3,1996_4_80_60,1996,1,3,Sample,NA
Miu.3.a.02.S202,MiFish,MiFish_1996_4_86.7_50_1_3,1996_4_86.7_50,1996,1,3,Sample,NA
Miu.3.a.03.S203,MiFish,MiFish_1996_4_93.3_30_1_3,1996_4_93.3_30,1996,1,3,Sample,NA
Miu.3.a.04.S204,MiFish,MiFish_1996_4_93.3_60_1_3,1996_4_93.3_60,1996,1,3,Sample,NA
Seb.Rep.1.long.1.S1,Sebastes,Sebastes_1996_4_80_60_1_1,1996_4_80_60,1996,1,1,Sample,NA
Seb.Rep.2.a.1.S95,Sebastes,Sebastes_1996_4_80_60_1_2,1996_4_80_60,1996,1,2,Sample,NA
Seb.Rep.3.a.1.S189,Sebastes,Sebastes_1996_4_80_60_1_3,1996_4_80_60,1996,1,3,Sample,NA
Seb.Rep.1.long.2.S2,Sebastes,Sebastes_1996_4_86.7_50_1_1,1996_4_86.7_50,1996,1,1,Sample,NA
Seb.Rep.2.a.2.S96,Sebastes,Sebastes_1996_4_86.7_50_1_2,1996_4_86.7_50,1996,1,2,Sample,NA
Seb.Rep.3.a.2.S190,Sebastes,Sebastes_1996_4_86.7_50_1_3,1996_4_86.7_50,1996,1,3,Sample,NA
Seb.Rep.1.long.3.S3,Sebastes,Sebastes_1996_4_93.3_30_1_1,1996_4_93.3_30,1996,1,1,Sample,NA
Seb.Rep.2.a.3.S97,Sebastes,Sebastes_1996_4_93.3_30_1_2,1996_4_93.3_30,1996,1,2,Sample,NA
Seb.Rep.3.a.3.S191,Sebastes,Sebastes_1996_4_93.3_30_1_3,1996_4_93.3_30,1996,1,3,Sample,NA
Seb.Rep.1.long.4.S4,Sebastes,Sebastes_1996_4_93.3_60_1_1,1996_4_93.3_60,1996,1,1,Sample,NA
Seb.Rep.2.a.4.S98,Sebastes,Sebastes_1996_4_93.3_60_1_2,1996_4_93.3_60,1996,1,2,Sample,NA
Seb.Rep.3.a.4.S192,Sebastes,Sebastes_1996_4_93.3_60_1_3,1996_4_93.3_60,1996,1,3,Sample,NA